"county_name","county_fips","year","annual_dc_count","cumulative_dc_count","pre2014_dc_count","unknown_timing_dc_count","annual_capacity_mw","cumulative_capacity_mw","annual_area_sqft","cumulative_area_sqft"
"ALACHUA","12001","2014","0","0","0","0","0","0","0","0"
"ALACHUA","12001","2015","0","0","0","0","0","0","0","0"
"ALACHUA","12001","2016","0","0","0","0","0","0","0","0"
"ALACHUA","12001","2017","0","0","0","0","0","0","0","0"
"ALACHUA","12001","2018","0","0","0","0","0","0","0","0"
"ALACHUA","12001","2019","0","0","0","0","0","0","0","0"
"ALACHUA","12001","2020","0","0","0","0","0","0","0","0"
"ALACHUA","12001","2021","0","0","0","0","0","0","0","0"
"ALACHUA","12001","2022","0","0","0","0","0","0","0","0"
"ALACHUA","12001","2023","0","0","0","0","0","0","0","0"
"ALACHUA","12001","2024","0","0","0","0","0","0","0","0"
"ALACHUA","12001","2025","1","1","0","0","1.2","1.2","2100","2100"
"BAKER","12003","2014","0","0","0","0","0","0","0","0"
"BAKER","12003","2015","0","0","0","0","0","0","0","0"
"BAKER","12003","2016","0","0","0","0","0","0","0","0"
"BAKER","12003","2017","0","0","0","0","0","0","0","0"
"BAKER","12003","2018","0","0","0","0","0","0","0","0"
"BAKER","12003","2019","0","0","0","0","0","0","0","0"
"BAKER","12003","2020","0","0","0","0","0","0","0","0"
"BAKER","12003","2021","0","0","0","0","0","0","0","0"
"BAKER","12003","2022","0","0","0","0","0","0","0","0"
"BAKER","12003","2023","0","0","0","0","0","0","0","0"
"BAKER","12003","2024","0","0","0","0","0","0","0","0"
"BAKER","12003","2025","0","0","0","0","0","0","0","0"
"BAY","12005","2014","0","0","0","0","0","0","0","0"
"BAY","12005","2015","0","0","0","0","0","0","0","0"
"BAY","12005","2016","0","0","0","0","0","0","0","0"
"BAY","12005","2017","0","0","0","0","0","0","0","0"
"BAY","12005","2018","0","0","0","0","0","0","0","0"
"BAY","12005","2019","0","0","0","0","0","0","0","0"
"BAY","12005","2020","0","0","0","0","0","0","0","0"
"BAY","12005","2021","0","0","0","0","0","0","0","0"
"BAY","12005","2022","0","0","0","0","0","0","0","0"
"BAY","12005","2023","0","0","0","0","0","0","0","0"
"BAY","12005","2024","0","0","0","0","0","0","0","0"
"BAY","12005","2025","0","0","0","0","0","0","0","0"
"BRADFORD","12007","2014","0","0","0","0","0","0","0","0"
"BRADFORD","12007","2015","0","0","0","0","0","0","0","0"
"BRADFORD","12007","2016","0","0","0","0","0","0","0","0"
"BRADFORD","12007","2017","0","0","0","0","0","0","0","0"
"BRADFORD","12007","2018","0","0","0","0","0","0","0","0"
"BRADFORD","12007","2019","0","0","0","0","0","0","0","0"
"BRADFORD","12007","2020","0","0","0","0","0","0","0","0"
"BRADFORD","12007","2021","0","0","0","0","0","0","0","0"
"BRADFORD","12007","2022","0","0","0","0","0","0","0","0"
"BRADFORD","12007","2023","0","0","0","0","0","0","0","0"
"BRADFORD","12007","2024","0","0","0","0","0","0","0","0"
"BRADFORD","12007","2025","0","0","0","0","0","0","0","0"
"BREVARD","12009","2014","0","0","0","2","0","0","0","0"
"BREVARD","12009","2015","0","0","0","2","0","0","0","0"
"BREVARD","12009","2016","0","0","0","2","0","0","0","0"
"BREVARD","12009","2017","0","0","0","2","0","0","0","0"
"BREVARD","12009","2018","0","0","0","2","0","0","0","0"
"BREVARD","12009","2019","1","1","0","2","3","3","25000","25000"
"BREVARD","12009","2020","1","2","0","2","4.2","4.2","50000","50000"
"BREVARD","12009","2021","1","3","0","2","5.7","5.7","86810","86810"
"BREVARD","12009","2022","0","3","0","2","5.7","5.7","86810","86810"
"BREVARD","12009","2023","0","3","0","2","5.7","5.7","86810","86810"
"BREVARD","12009","2024","0","3","0","2","5.7","5.7","86810","86810"
"BREVARD","12009","2025","0","3","0","2","5.7","5.7","86810","86810"
"BROWARD","12011","2014","1","4","3","1","7.7","2","178264","140000"
"BROWARD","12011","2015","0","4","3","1","7.7","2","178264","140000"
"BROWARD","12011","2016","0","4","3","1","7.7","2","178264","140000"
"BROWARD","12011","2017","0","4","3","1","7.7","2","178264","140000"
"BROWARD","12011","2018","2","6","3","1","12.35","6.65","277428","239164"
"BROWARD","12011","2019","0","6","3","1","12.35","6.65","277428","239164"
"BROWARD","12011","2020","0","6","3","1","12.35","6.65","277428","239164"
"BROWARD","12011","2021","0","6","3","1","12.35","6.65","277428","239164"
"BROWARD","12011","2022","0","6","3","1","12.35","6.65","277428","239164"
"BROWARD","12011","2023","0","6","3","1","12.35","6.65","277428","239164"
"BROWARD","12011","2024","0","6","3","1","12.35","6.65","277428","239164"
"BROWARD","12011","2025","0","6","3","1","12.35","6.65","277428","239164"
"CALHOUN","12013","2014","0","0","0","0","0","0","0","0"
"CALHOUN","12013","2015","0","0","0","0","0","0","0","0"
"CALHOUN","12013","2016","0","0","0","0","0","0","0","0"
"CALHOUN","12013","2017","0","0","0","0","0","0","0","0"
"CALHOUN","12013","2018","0","0","0","0","0","0","0","0"
"CALHOUN","12013","2019","0","0","0","0","0","0","0","0"
"CALHOUN","12013","2020","0","0","0","0","0","0","0","0"
"CALHOUN","12013","2021","0","0","0","0","0","0","0","0"
"CALHOUN","12013","2022","0","0","0","0","0","0","0","0"
"CALHOUN","12013","2023","0","0","0","0","0","0","0","0"
"CALHOUN","12013","2024","0","0","0","0","0","0","0","0"
"CALHOUN","12013","2025","0","0","0","0","0","0","0","0"
"CHARLOTTE","12015","2014","0","0","0","0","0","0","0","0"
"CHARLOTTE","12015","2015","0","0","0","0","0","0","0","0"
"CHARLOTTE","12015","2016","0","0","0","0","0","0","0","0"
"CHARLOTTE","12015","2017","0","0","0","0","0","0","0","0"
"CHARLOTTE","12015","2018","0","0","0","0","0","0","0","0"
"CHARLOTTE","12015","2019","0","0","0","0","0","0","0","0"
"CHARLOTTE","12015","2020","0","0","0","0","0","0","0","0"
"CHARLOTTE","12015","2021","0","0","0","0","0","0","0","0"
"CHARLOTTE","12015","2022","0","0","0","0","0","0","0","0"
"CHARLOTTE","12015","2023","0","0","0","0","0","0","0","0"
"CHARLOTTE","12015","2024","0","0","0","0","0","0","0","0"
"CHARLOTTE","12015","2025","0","0","0","0","0","0","0","0"
"CITRUS","12017","2014","0","0","0","0","0","0","0","0"
"CITRUS","12017","2015","0","0","0","0","0","0","0","0"
"CITRUS","12017","2016","0","0","0","0","0","0","0","0"
"CITRUS","12017","2017","0","0","0","0","0","0","0","0"
"CITRUS","12017","2018","0","0","0","0","0","0","0","0"
"CITRUS","12017","2019","0","0","0","0","0","0","0","0"
"CITRUS","12017","2020","0","0","0","0","0","0","0","0"
"CITRUS","12017","2021","0","0","0","0","0","0","0","0"
"CITRUS","12017","2022","0","0","0","0","0","0","0","0"
"CITRUS","12017","2023","0","0","0","0","0","0","0","0"
"CITRUS","12017","2024","0","0","0","0","0","0","0","0"
"CITRUS","12017","2025","0","0","0","0","0","0","0","0"
"CLAY","12019","2014","0","0","0","0","0","0","0","0"
"CLAY","12019","2015","0","0","0","0","0","0","0","0"
"CLAY","12019","2016","0","0","0","0","0","0","0","0"
"CLAY","12019","2017","0","0","0","0","0","0","0","0"
"CLAY","12019","2018","0","0","0","0","0","0","0","0"
"CLAY","12019","2019","0","0","0","0","0","0","0","0"
"CLAY","12019","2020","0","0","0","0","0","0","0","0"
"CLAY","12019","2021","0","0","0","0","0","0","0","0"
"CLAY","12019","2022","0","0","0","0","0","0","0","0"
"CLAY","12019","2023","0","0","0","0","0","0","0","0"
"CLAY","12019","2024","0","0","0","0","0","0","0","0"
"CLAY","12019","2025","0","0","0","0","0","0","0","0"
"COLLIER","12021","2014","0","1","1","1","0.08","0","500","0"
"COLLIER","12021","2015","0","1","1","1","0.08","0","500","0"
"COLLIER","12021","2016","0","1","1","1","0.08","0","500","0"
"COLLIER","12021","2017","0","1","1","1","0.08","0","500","0"
"COLLIER","12021","2018","0","1","1","1","0.08","0","500","0"
"COLLIER","12021","2019","0","1","1","1","0.08","0","500","0"
"COLLIER","12021","2020","0","1","1","1","0.08","0","500","0"
"COLLIER","12021","2021","0","1","1","1","0.08","0","500","0"
"COLLIER","12021","2022","0","1","1","1","0.08","0","500","0"
"COLLIER","12021","2023","0","1","1","1","0.08","0","500","0"
"COLLIER","12021","2024","0","1","1","1","0.08","0","500","0"
"COLLIER","12021","2025","0","1","1","1","0.08","0","500","0"
"COLUMBIA","12023","2014","0","0","0","0","0","0","0","0"
"COLUMBIA","12023","2015","0","0","0","0","0","0","0","0"
"COLUMBIA","12023","2016","0","0","0","0","0","0","0","0"
"COLUMBIA","12023","2017","0","0","0","0","0","0","0","0"
"COLUMBIA","12023","2018","0","0","0","0","0","0","0","0"
"COLUMBIA","12023","2019","0","0","0","0","0","0","0","0"
"COLUMBIA","12023","2020","0","0","0","0","0","0","0","0"
"COLUMBIA","12023","2021","0","0","0","0","0","0","0","0"
"COLUMBIA","12023","2022","0","0","0","0","0","0","0","0"
"COLUMBIA","12023","2023","0","0","0","0","0","0","0","0"
"COLUMBIA","12023","2024","0","0","0","0","0","0","0","0"
"COLUMBIA","12023","2025","0","0","0","0","0","0","0","0"
"DESOTO","12027","2014","0","0","0","0","0","0","0","0"
"DESOTO","12027","2015","0","0","0","0","0","0","0","0"
"DESOTO","12027","2016","0","0","0","0","0","0","0","0"
"DESOTO","12027","2017","0","0","0","0","0","0","0","0"
"DESOTO","12027","2018","0","0","0","0","0","0","0","0"
"DESOTO","12027","2019","0","0","0","0","0","0","0","0"
"DESOTO","12027","2020","0","0","0","0","0","0","0","0"
"DESOTO","12027","2021","0","0","0","0","0","0","0","0"
"DESOTO","12027","2022","0","0","0","0","0","0","0","0"
"DESOTO","12027","2023","0","0","0","0","0","0","0","0"
"DESOTO","12027","2024","0","0","0","0","0","0","0","0"
"DESOTO","12027","2025","0","0","0","0","0","0","0","0"
"DIXIE","12029","2014","0","0","0","0","0","0","0","0"
"DIXIE","12029","2015","0","0","0","0","0","0","0","0"
"DIXIE","12029","2016","0","0","0","0","0","0","0","0"
"DIXIE","12029","2017","0","0","0","0","0","0","0","0"
"DIXIE","12029","2018","0","0","0","0","0","0","0","0"
"DIXIE","12029","2019","0","0","0","0","0","0","0","0"
"DIXIE","12029","2020","0","0","0","0","0","0","0","0"
"DIXIE","12029","2021","0","0","0","0","0","0","0","0"
"DIXIE","12029","2022","0","0","0","0","0","0","0","0"
"DIXIE","12029","2023","0","0","0","0","0","0","0","0"
"DIXIE","12029","2024","0","0","0","0","0","0","0","0"
"DIXIE","12029","2025","0","0","0","0","0","0","0","0"
"DUVAL","12031","2014","3","4","1","3","3.01","1.62","180754","145570"
"DUVAL","12031","2015","1","5","1","3","4.01","2.62","191754","156570"
"DUVAL","12031","2016","0","5","1","3","4.01","2.62","191754","156570"
"DUVAL","12031","2017","1","6","1","3","10.01","8.62","241754","206570"
"DUVAL","12031","2018","0","6","1","3","10.01","8.62","241754","206570"
"DUVAL","12031","2019","2","8","1","3","31.01","29.62","481715","446531"
"DUVAL","12031","2020","2","10","1","3","59.01","57.62","1041715","1006531"
"DUVAL","12031","2021","0","10","1","3","59.01","57.62","1041715","1006531"
"DUVAL","12031","2022","0","10","1","3","59.01","57.62","1041715","1006531"
"DUVAL","12031","2023","0","10","1","3","59.01","57.62","1041715","1006531"
"DUVAL","12031","2024","0","10","1","3","59.01","57.62","1041715","1006531"
"DUVAL","12031","2025","1","11","1","3","61.01","59.62","1048527","1013343"
"ESCAMBIA","12033","2014","0","0","0","0","0","0","0","0"
"ESCAMBIA","12033","2015","0","0","0","0","0","0","0","0"
"ESCAMBIA","12033","2016","0","0","0","0","0","0","0","0"
"ESCAMBIA","12033","2017","0","0","0","0","0","0","0","0"
"ESCAMBIA","12033","2018","0","0","0","0","0","0","0","0"
"ESCAMBIA","12033","2019","0","0","0","0","0","0","0","0"
"ESCAMBIA","12033","2020","0","0","0","0","0","0","0","0"
"ESCAMBIA","12033","2021","0","0","0","0","0","0","0","0"
"ESCAMBIA","12033","2022","0","0","0","0","0","0","0","0"
"ESCAMBIA","12033","2023","0","0","0","0","0","0","0","0"
"ESCAMBIA","12033","2024","0","0","0","0","0","0","0","0"
"ESCAMBIA","12033","2025","0","0","0","0","0","0","0","0"
"FLAGLER","12035","2014","0","0","0","0","0","0","0","0"
"FLAGLER","12035","2015","0","0","0","0","0","0","0","0"
"FLAGLER","12035","2016","0","0","0","0","0","0","0","0"
"FLAGLER","12035","2017","0","0","0","0","0","0","0","0"
"FLAGLER","12035","2018","0","0","0","0","0","0","0","0"
"FLAGLER","12035","2019","0","0","0","0","0","0","0","0"
"FLAGLER","12035","2020","0","0","0","0","0","0","0","0"
"FLAGLER","12035","2021","0","0","0","0","0","0","0","0"
"FLAGLER","12035","2022","0","0","0","0","0","0","0","0"
"FLAGLER","12035","2023","0","0","0","0","0","0","0","0"
"FLAGLER","12035","2024","0","0","0","0","0","0","0","0"
"FLAGLER","12035","2025","0","0","0","0","0","0","0","0"
"FRANKLIN","12037","2014","0","0","0","0","0","0","0","0"
"FRANKLIN","12037","2015","0","0","0","0","0","0","0","0"
"FRANKLIN","12037","2016","0","0","0","0","0","0","0","0"
"FRANKLIN","12037","2017","0","0","0","0","0","0","0","0"
"FRANKLIN","12037","2018","0","0","0","0","0","0","0","0"
"FRANKLIN","12037","2019","0","0","0","0","0","0","0","0"
"FRANKLIN","12037","2020","0","0","0","0","0","0","0","0"
"FRANKLIN","12037","2021","0","0","0","0","0","0","0","0"
"FRANKLIN","12037","2022","0","0","0","0","0","0","0","0"
"FRANKLIN","12037","2023","0","0","0","0","0","0","0","0"
"FRANKLIN","12037","2024","0","0","0","0","0","0","0","0"
"FRANKLIN","12037","2025","0","0","0","0","0","0","0","0"
"GADSDEN","12039","2015","0","0","0","0","0","0","0","0"
"GADSDEN","12039","2016","0","0","0","0","0","0","0","0"
"GADSDEN","12039","2017","0","0","0","0","0","0","0","0"
"GADSDEN","12039","2018","0","0","0","0","0","0","0","0"
"GADSDEN","12039","2019","0","0","0","0","0","0","0","0"
"GADSDEN","12039","2020","0","0","0","0","0","0","0","0"
"GADSDEN","12039","2021","0","0","0","0","0","0","0","0"
"GADSDEN","12039","2022","0","0","0","0","0","0","0","0"
"GADSDEN","12039","2023","0","0","0","0","0","0","0","0"
"GADSDEN","12039","2024","0","0","0","0","0","0","0","0"
"GADSDEN","12039","2025","0","0","0","0","0","0","0","0"
"GILCHRIST","12041","2014","0","0","0","0","0","0","0","0"
"GILCHRIST","12041","2015","0","0","0","0","0","0","0","0"
"GILCHRIST","12041","2016","0","0","0","0","0","0","0","0"
"GILCHRIST","12041","2017","0","0","0","0","0","0","0","0"
"GILCHRIST","12041","2018","0","0","0","0","0","0","0","0"
"GILCHRIST","12041","2019","0","0","0","0","0","0","0","0"
"GILCHRIST","12041","2020","0","0","0","0","0","0","0","0"
"GILCHRIST","12041","2021","0","0","0","0","0","0","0","0"
"GILCHRIST","12041","2022","0","0","0","0","0","0","0","0"
"GILCHRIST","12041","2023","0","0","0","0","0","0","0","0"
"GILCHRIST","12041","2024","0","0","0","0","0","0","0","0"
"GILCHRIST","12041","2025","0","0","0","0","0","0","0","0"
"GLADES","12043","2014","0","0","0","0","0","0","0","0"
"GLADES","12043","2015","0","0","0","0","0","0","0","0"
"GLADES","12043","2016","0","0","0","0","0","0","0","0"
"GLADES","12043","2017","0","0","0","0","0","0","0","0"
"GLADES","12043","2018","0","0","0","0","0","0","0","0"
"GLADES","12043","2019","0","0","0","0","0","0","0","0"
"GLADES","12043","2020","0","0","0","0","0","0","0","0"
"GLADES","12043","2021","0","0","0","0","0","0","0","0"
"GLADES","12043","2022","0","0","0","0","0","0","0","0"
"GLADES","12043","2023","0","0","0","0","0","0","0","0"
"GLADES","12043","2024","0","0","0","0","0","0","0","0"
"GLADES","12043","2025","0","0","0","0","0","0","0","0"
"GULF","12045","2014","0","0","0","0","0","0","0","0"
"GULF","12045","2015","0","0","0","0","0","0","0","0"
"GULF","12045","2016","0","0","0","0","0","0","0","0"
"GULF","12045","2017","0","0","0","0","0","0","0","0"
"GULF","12045","2018","0","0","0","0","0","0","0","0"
"GULF","12045","2019","0","0","0","0","0","0","0","0"
"GULF","12045","2020","0","0","0","0","0","0","0","0"
"GULF","12045","2021","0","0","0","0","0","0","0","0"
"GULF","12045","2022","0","0","0","0","0","0","0","0"
"GULF","12045","2023","0","0","0","0","0","0","0","0"
"GULF","12045","2024","0","0","0","0","0","0","0","0"
"GULF","12045","2025","0","0","0","0","0","0","0","0"
"HAMILTON","12047","2014","0","0","0","0","0","0","0","0"
"HAMILTON","12047","2015","0","0","0","0","0","0","0","0"
"HAMILTON","12047","2016","0","0","0","0","0","0","0","0"
"HAMILTON","12047","2017","0","0","0","0","0","0","0","0"
"HAMILTON","12047","2018","0","0","0","0","0","0","0","0"
"HAMILTON","12047","2019","0","0","0","0","0","0","0","0"
"HAMILTON","12047","2020","0","0","0","0","0","0","0","0"
"HAMILTON","12047","2021","0","0","0","0","0","0","0","0"
"HAMILTON","12047","2022","0","0","0","0","0","0","0","0"
"HAMILTON","12047","2023","0","0","0","0","0","0","0","0"
"HAMILTON","12047","2024","0","0","0","0","0","0","0","0"
"HAMILTON","12047","2025","0","0","0","0","0","0","0","0"
"HARDEE","12049","2014","0","0","0","0","0","0","0","0"
"HARDEE","12049","2015","0","0","0","0","0","0","0","0"
"HARDEE","12049","2016","0","0","0","0","0","0","0","0"
"HARDEE","12049","2017","0","0","0","0","0","0","0","0"
"HARDEE","12049","2018","0","0","0","0","0","0","0","0"
"HARDEE","12049","2019","0","0","0","0","0","0","0","0"
"HARDEE","12049","2020","0","0","0","0","0","0","0","0"
"HARDEE","12049","2021","0","0","0","0","0","0","0","0"
"HARDEE","12049","2022","0","0","0","0","0","0","0","0"
"HARDEE","12049","2023","0","0","0","0","0","0","0","0"
"HARDEE","12049","2024","0","0","0","0","0","0","0","0"
"HARDEE","12049","2025","0","0","0","0","0","0","0","0"
"HENDRY","12051","2014","0","0","0","0","0","0","0","0"
"HENDRY","12051","2015","0","0","0","0","0","0","0","0"
"HENDRY","12051","2016","0","0","0","0","0","0","0","0"
"HENDRY","12051","2017","0","0","0","0","0","0","0","0"
"HENDRY","12051","2018","0","0","0","0","0","0","0","0"
"HENDRY","12051","2019","0","0","0","0","0","0","0","0"
"HENDRY","12051","2020","0","0","0","0","0","0","0","0"
"HENDRY","12051","2021","0","0","0","0","0","0","0","0"
"HENDRY","12051","2022","0","0","0","0","0","0","0","0"
"HENDRY","12051","2023","0","0","0","0","0","0","0","0"
"HENDRY","12051","2024","0","0","0","0","0","0","0","0"
"HENDRY","12051","2025","0","0","0","0","0","0","0","0"
"HERNANDO","12053","2014","0","0","0","0","0","0","0","0"
"HERNANDO","12053","2015","0","0","0","0","0","0","0","0"
"HERNANDO","12053","2016","0","0","0","0","0","0","0","0"
"HERNANDO","12053","2017","0","0","0","0","0","0","0","0"
"HERNANDO","12053","2018","0","0","0","0","0","0","0","0"
"HERNANDO","12053","2019","0","0","0","0","0","0","0","0"
"HERNANDO","12053","2020","0","0","0","0","0","0","0","0"
"HERNANDO","12053","2021","0","0","0","0","0","0","0","0"
"HERNANDO","12053","2022","0","0","0","0","0","0","0","0"
"HERNANDO","12053","2023","0","0","0","0","0","0","0","0"
"HERNANDO","12053","2024","0","0","0","0","0","0","0","0"
"HERNANDO","12053","2025","0","0","0","0","0","0","0","0"
"HIGHLANDS","12055","2014","0","0","0","0","0","0","0","0"
"HIGHLANDS","12055","2015","0","0","0","0","0","0","0","0"
"HIGHLANDS","12055","2016","0","0","0","0","0","0","0","0"
"HIGHLANDS","12055","2017","0","0","0","0","0","0","0","0"
"HIGHLANDS","12055","2018","0","0","0","0","0","0","0","0"
"HIGHLANDS","12055","2019","0","0","0","0","0","0","0","0"
"HIGHLANDS","12055","2020","0","0","0","0","0","0","0","0"
"HIGHLANDS","12055","2021","0","0","0","0","0","0","0","0"
"HIGHLANDS","12055","2022","0","0","0","0","0","0","0","0"
"HIGHLANDS","12055","2023","0","0","0","0","0","0","0","0"
"HIGHLANDS","12055","2024","0","0","0","0","0","0","0","0"
"HIGHLANDS","12055","2025","0","0","0","0","0","0","0","0"
"HILLSBOROUGH","12057","2014","1","13","12","2","53.41","1.5","435611","15000"
"HILLSBOROUGH","12057","2015","1","14","12","2","56.41","4.5","495611","75000"
"HILLSBOROUGH","12057","2016","2","16","12","2","59.71","7.8","533811","113200"
"HILLSBOROUGH","12057","2017","0","16","12","2","59.71","7.8","533811","113200"
"HILLSBOROUGH","12057","2018","0","16","12","2","59.71","7.8","533811","113200"
"HILLSBOROUGH","12057","2019","2","18","12","2","77.71","25.8","725811","305200"
"HILLSBOROUGH","12057","2020","0","18","12","2","77.71","25.8","725811","305200"
"HILLSBOROUGH","12057","2021","0","18","12","2","77.71","25.8","725811","305200"
"HILLSBOROUGH","12057","2022","0","18","12","2","77.71","25.8","725811","305200"
"HILLSBOROUGH","12057","2023","0","18","12","2","77.71","25.8","725811","305200"
"HILLSBOROUGH","12057","2024","1","19","12","2","86.71","34.8","725851","305240"
"HILLSBOROUGH","12057","2025","0","19","12","2","86.71","34.8","725851","305240"
"HOLMES","12059","2014","0","0","0","0","0","0","0","0"
"HOLMES","12059","2015","0","0","0","0","0","0","0","0"
"HOLMES","12059","2016","0","0","0","0","0","0","0","0"
"HOLMES","12059","2017","0","0","0","0","0","0","0","0"
"HOLMES","12059","2018","0","0","0","0","0","0","0","0"
"HOLMES","12059","2019","0","0","0","0","0","0","0","0"
"HOLMES","12059","2020","0","0","0","0","0","0","0","0"
"HOLMES","12059","2021","0","0","0","0","0","0","0","0"
"HOLMES","12059","2022","0","0","0","0","0","0","0","0"
"HOLMES","12059","2023","0","0","0","0","0","0","0","0"
"HOLMES","12059","2024","0","0","0","0","0","0","0","0"
"HOLMES","12059","2025","0","0","0","0","0","0","0","0"
"INDIAN RIVER","12061","2014","0","0","0","0","0","0","0","0"
"INDIAN RIVER","12061","2015","0","0","0","0","0","0","0","0"
"INDIAN RIVER","12061","2016","0","0","0","0","0","0","0","0"
"INDIAN RIVER","12061","2017","0","0","0","0","0","0","0","0"
"INDIAN RIVER","12061","2018","0","0","0","0","0","0","0","0"
"INDIAN RIVER","12061","2019","0","0","0","0","0","0","0","0"
"INDIAN RIVER","12061","2020","0","0","0","0","0","0","0","0"
"INDIAN RIVER","12061","2021","0","0","0","0","0","0","0","0"
"INDIAN RIVER","12061","2022","0","0","0","0","0","0","0","0"
"INDIAN RIVER","12061","2023","0","0","0","0","0","0","0","0"
"INDIAN RIVER","12061","2024","0","0","0","0","0","0","0","0"
"INDIAN RIVER","12061","2025","0","0","0","0","0","0","0","0"
"JACKSON","12063","2014","0","0","0","0","0","0","0","0"
"JACKSON","12063","2015","0","0","0","0","0","0","0","0"
"JACKSON","12063","2016","0","0","0","0","0","0","0","0"
"JACKSON","12063","2017","0","0","0","0","0","0","0","0"
"JACKSON","12063","2018","0","0","0","0","0","0","0","0"
"JACKSON","12063","2019","0","0","0","0","0","0","0","0"
"JACKSON","12063","2020","0","0","0","0","0","0","0","0"
"JACKSON","12063","2021","0","0","0","0","0","0","0","0"
"JACKSON","12063","2022","0","0","0","0","0","0","0","0"
"JACKSON","12063","2023","0","0","0","0","0","0","0","0"
"JACKSON","12063","2024","0","0","0","0","0","0","0","0"
"JACKSON","12063","2025","0","0","0","0","0","0","0","0"
"JEFFERSON","12065","2014","0","0","0","0","0","0","0","0"
"JEFFERSON","12065","2015","0","0","0","0","0","0","0","0"
"JEFFERSON","12065","2016","0","0","0","0","0","0","0","0"
"JEFFERSON","12065","2017","0","0","0","0","0","0","0","0"
"JEFFERSON","12065","2018","0","0","0","0","0","0","0","0"
"JEFFERSON","12065","2019","0","0","0","0","0","0","0","0"
"JEFFERSON","12065","2020","0","0","0","0","0","0","0","0"
"JEFFERSON","12065","2021","0","0","0","0","0","0","0","0"
"JEFFERSON","12065","2022","0","0","0","0","0","0","0","0"
"JEFFERSON","12065","2023","0","0","0","0","0","0","0","0"
"JEFFERSON","12065","2024","0","0","0","0","0","0","0","0"
"JEFFERSON","12065","2025","0","0","0","0","0","0","0","0"
"LAFAYETTE","12067","2014","0","0","0","0","0","0","0","0"
"LAFAYETTE","12067","2015","0","0","0","0","0","0","0","0"
"LAFAYETTE","12067","2016","0","0","0","0","0","0","0","0"
"LAFAYETTE","12067","2017","0","0","0","0","0","0","0","0"
"LAFAYETTE","12067","2018","0","0","0","0","0","0","0","0"
"LAFAYETTE","12067","2019","0","0","0","0","0","0","0","0"
"LAFAYETTE","12067","2020","0","0","0","0","0","0","0","0"
"LAFAYETTE","12067","2021","0","0","0","0","0","0","0","0"
"LAFAYETTE","12067","2022","0","0","0","0","0","0","0","0"
"LAFAYETTE","12067","2023","0","0","0","0","0","0","0","0"
"LAFAYETTE","12067","2024","0","0","0","0","0","0","0","0"
"LAFAYETTE","12067","2025","0","0","0","0","0","0","0","0"
"LAKE","12069","2014","0","0","0","0","0","0","0","0"
"LAKE","12069","2015","0","0","0","0","0","0","0","0"
"LAKE","12069","2016","0","0","0","0","0","0","0","0"
"LAKE","12069","2017","0","0","0","0","0","0","0","0"
"LAKE","12069","2018","0","0","0","0","0","0","0","0"
"LAKE","12069","2019","0","0","0","0","0","0","0","0"
"LAKE","12069","2020","0","0","0","0","0","0","0","0"
"LAKE","12069","2021","0","0","0","0","0","0","0","0"
"LAKE","12069","2022","0","0","0","0","0","0","0","0"
"LAKE","12069","2023","0","0","0","0","0","0","0","0"
"LAKE","12069","2024","0","0","0","0","0","0","0","0"
"LAKE","12069","2025","0","0","0","0","0","0","0","0"
"LEE","12071","2014","0","0","0","0","0","0","0","0"
"LEE","12071","2015","0","0","0","0","0","0","0","0"
"LEE","12071","2016","0","0","0","0","0","0","0","0"
"LEE","12071","2017","2","2","0","0","0.8","0.8","22000","22000"
"LEE","12071","2018","0","2","0","0","0.8","0.8","22000","22000"
"LEE","12071","2019","0","2","0","0","0.8","0.8","22000","22000"
"LEE","12071","2020","0","2","0","0","0.8","0.8","22000","22000"
"LEE","12071","2021","0","2","0","0","0.8","0.8","22000","22000"
"LEE","12071","2022","0","2","0","0","0.8","0.8","22000","22000"
"LEE","12071","2023","0","2","0","0","0.8","0.8","22000","22000"
"LEE","12071","2024","0","2","0","0","0.8","0.8","22000","22000"
"LEE","12071","2025","0","2","0","0","0.8","0.8","22000","22000"
"LEON","12073","2014","1","3","2","0","1.6","0.3","28000","8000"
"LEON","12073","2015","1","4","2","0","1.85","0.55","31778","11778"
"LEON","12073","2016","0","4","2","0","1.85","0.55","31778","11778"
"LEON","12073","2017","0","4","2","0","1.85","0.55","31778","11778"
"LEON","12073","2018","0","4","2","0","1.85","0.55","31778","11778"
"LEON","12073","2019","0","4","2","0","1.85","0.55","31778","11778"
"LEON","12073","2020","0","4","2","0","1.85","0.55","31778","11778"
"LEON","12073","2021","0","4","2","0","1.85","0.55","31778","11778"
"LEON","12073","2022","0","4","2","0","1.85","0.55","31778","11778"
"LEON","12073","2023","0","4","2","0","1.85","0.55","31778","11778"
"LEON","12073","2024","0","4","2","0","1.85","0.55","31778","11778"
"LEON","12073","2025","0","4","2","0","1.85","0.55","31778","11778"
"LEVY","12075","2014","0","0","0","0","0","0","0","0"
"LEVY","12075","2015","0","0","0","0","0","0","0","0"
"LEVY","12075","2016","0","0","0","0","0","0","0","0"
"LEVY","12075","2017","0","0","0","0","0","0","0","0"
"LEVY","12075","2018","0","0","0","0","0","0","0","0"
"LEVY","12075","2019","0","0","0","0","0","0","0","0"
"LEVY","12075","2020","0","0","0","0","0","0","0","0"
"LEVY","12075","2021","0","0","0","0","0","0","0","0"
"LEVY","12075","2022","0","0","0","0","0","0","0","0"
"LEVY","12075","2023","0","0","0","0","0","0","0","0"
"LEVY","12075","2024","0","0","0","0","0","0","0","0"
"LEVY","12075","2025","0","0","0","0","0","0","0","0"
"LIBERTY","12077","2015","0","0","0","0","0","0","0","0"
"LIBERTY","12077","2016","0","0","0","0","0","0","0","0"
"LIBERTY","12077","2017","0","0","0","0","0","0","0","0"
"LIBERTY","12077","2018","0","0","0","0","0","0","0","0"
"LIBERTY","12077","2019","0","0","0","0","0","0","0","0"
"LIBERTY","12077","2020","0","0","0","0","0","0","0","0"
"LIBERTY","12077","2021","0","0","0","0","0","0","0","0"
"LIBERTY","12077","2022","0","0","0","0","0","0","0","0"
"LIBERTY","12077","2023","0","0","0","0","0","0","0","0"
"LIBERTY","12077","2024","0","0","0","0","0","0","0","0"
"LIBERTY","12077","2025","0","0","0","0","0","0","0","0"
"MADISON","12079","2014","0","0","0","0","0","0","0","0"
"MADISON","12079","2015","0","0","0","0","0","0","0","0"
"MADISON","12079","2016","0","0","0","0","0","0","0","0"
"MADISON","12079","2017","0","0","0","0","0","0","0","0"
"MADISON","12079","2018","0","0","0","0","0","0","0","0"
"MADISON","12079","2019","0","0","0","0","0","0","0","0"
"MADISON","12079","2020","0","0","0","0","0","0","0","0"
"MADISON","12079","2021","0","0","0","0","0","0","0","0"
"MADISON","12079","2022","0","0","0","0","0","0","0","0"
"MADISON","12079","2023","0","0","0","0","0","0","0","0"
"MADISON","12079","2024","0","0","0","0","0","0","0","0"
"MADISON","12079","2025","0","0","0","0","0","0","0","0"
"MANATEE","12081","2014","0","0","0","0","0","0","0","0"
"MANATEE","12081","2015","0","0","0","0","0","0","0","0"
"MANATEE","12081","2016","0","0","0","0","0","0","0","0"
"MANATEE","12081","2017","0","0","0","0","0","0","0","0"
"MANATEE","12081","2018","0","0","0","0","0","0","0","0"
"MANATEE","12081","2019","0","0","0","0","0","0","0","0"
"MANATEE","12081","2020","0","0","0","0","0","0","0","0"
"MANATEE","12081","2021","0","0","0","0","0","0","0","0"
"MANATEE","12081","2022","0","0","0","0","0","0","0","0"
"MANATEE","12081","2023","0","0","0","0","0","0","0","0"
"MANATEE","12081","2024","0","0","0","0","0","0","0","0"
"MANATEE","12081","2025","0","0","0","0","0","0","0","0"
"MARION","12083","2014","0","0","0","0","0","0","0","0"
"MARION","12083","2015","0","0","0","0","0","0","0","0"
"MARION","12083","2016","0","0","0","0","0","0","0","0"
"MARION","12083","2017","0","0","0","0","0","0","0","0"
"MARION","12083","2018","0","0","0","0","0","0","0","0"
"MARION","12083","2019","0","0","0","0","0","0","0","0"
"MARION","12083","2020","0","0","0","0","0","0","0","0"
"MARION","12083","2021","0","0","0","0","0","0","0","0"
"MARION","12083","2022","0","0","0","0","0","0","0","0"
"MARION","12083","2023","0","0","0","0","0","0","0","0"
"MARION","12083","2024","0","0","0","0","0","0","0","0"
"MARION","12083","2025","0","0","0","0","0","0","0","0"
"MARTIN","12085","2014","0","0","0","0","0","0","0","0"
"MARTIN","12085","2015","1","1","0","0","5","5","30000","30000"
"MARTIN","12085","2016","0","1","0","0","5","5","30000","30000"
"MARTIN","12085","2017","0","1","0","0","5","5","30000","30000"
"MARTIN","12085","2018","0","1","0","0","5","5","30000","30000"
"MARTIN","12085","2019","0","1","0","0","5","5","30000","30000"
"MARTIN","12085","2020","0","1","0","0","5","5","30000","30000"
"MARTIN","12085","2021","0","1","0","0","5","5","30000","30000"
"MARTIN","12085","2022","0","1","0","0","5","5","30000","30000"
"MARTIN","12085","2023","0","1","0","0","5","5","30000","30000"
"MARTIN","12085","2024","0","1","0","0","5","5","30000","30000"
"MARTIN","12085","2025","0","1","0","0","5","5","30000","30000"
"MIAMI-DADE","12086","2014","3","22","19","2","59.1","9","1042012","341687"
"MIAMI-DADE","12086","2015","4","26","19","2","69.1","19","1425660","725335"
"MIAMI-DADE","12086","2016","0","26","19","2","69.1","19","1425660","725335"
"MIAMI-DADE","12086","2017","1","27","19","2","75.1","25","1460460","760135"
"MIAMI-DADE","12086","2018","2","29","19","2","88.1","38","1509460","809135"
"MIAMI-DADE","12086","2019","2","31","19","2","91.6","41.5","1544460","844135"
"MIAMI-DADE","12086","2020","1","32","19","2","93.2","43.1","1706460","1006135"
"MIAMI-DADE","12086","2021","0","32","19","2","93.2","43.1","1706460","1006135"
"MIAMI-DADE","12086","2022","2","34","19","2","108.2","58.1","1859460","1159135"
"MIAMI-DADE","12086","2023","0","34","19","2","108.2","58.1","1859460","1159135"
"MIAMI-DADE","12086","2024","2","36","19","2","118.5","68.4","1885015","1184690"
"MIAMI-DADE","12086","2025","1","37","19","2","134.5","84.4","2035015","1334690"
"MONROE","12087","2014","0","0","0","0","0","0","0","0"
"MONROE","12087","2015","0","0","0","0","0","0","0","0"
"MONROE","12087","2016","0","0","0","0","0","0","0","0"
"MONROE","12087","2017","0","0","0","0","0","0","0","0"
"MONROE","12087","2018","0","0","0","0","0","0","0","0"
"MONROE","12087","2019","0","0","0","0","0","0","0","0"
"MONROE","12087","2020","0","0","0","0","0","0","0","0"
"MONROE","12087","2021","0","0","0","0","0","0","0","0"
"MONROE","12087","2022","0","0","0","0","0","0","0","0"
"MONROE","12087","2023","0","0","0","0","0","0","0","0"
"MONROE","12087","2024","0","0","0","0","0","0","0","0"
"MONROE","12087","2025","0","0","0","0","0","0","0","0"
"NASSAU","12089","2014","0","0","0","0","0","0","0","0"
"NASSAU","12089","2015","0","0","0","0","0","0","0","0"
"NASSAU","12089","2016","0","0","0","0","0","0","0","0"
"NASSAU","12089","2017","0","0","0","0","0","0","0","0"
"NASSAU","12089","2018","0","0","0","0","0","0","0","0"
"NASSAU","12089","2019","0","0","0","0","0","0","0","0"
"NASSAU","12089","2020","0","0","0","0","0","0","0","0"
"NASSAU","12089","2021","0","0","0","0","0","0","0","0"
"NASSAU","12089","2022","0","0","0","0","0","0","0","0"
"NASSAU","12089","2023","0","0","0","0","0","0","0","0"
"NASSAU","12089","2024","0","0","0","0","0","0","0","0"
"NASSAU","12089","2025","0","0","0","0","0","0","0","0"
"OKALOOSA","12091","2014","0","0","0","0","0","0","0","0"
"OKALOOSA","12091","2015","0","0","0","0","0","0","0","0"
"OKALOOSA","12091","2016","0","0","0","0","0","0","0","0"
"OKALOOSA","12091","2017","0","0","0","0","0","0","0","0"
"OKALOOSA","12091","2018","0","0","0","0","0","0","0","0"
"OKALOOSA","12091","2019","0","0","0","0","0","0","0","0"
"OKALOOSA","12091","2020","0","0","0","0","0","0","0","0"
"OKALOOSA","12091","2021","0","0","0","0","0","0","0","0"
"OKALOOSA","12091","2022","0","0","0","0","0","0","0","0"
"OKALOOSA","12091","2023","0","0","0","0","0","0","0","0"
"OKALOOSA","12091","2024","0","0","0","0","0","0","0","0"
"OKALOOSA","12091","2025","0","0","0","0","0","0","0","0"
"OKEECHOBEE","12093","2014","0","0","0","0","0","0","0","0"
"OKEECHOBEE","12093","2015","0","0","0","0","0","0","0","0"
"OKEECHOBEE","12093","2016","0","0","0","0","0","0","0","0"
"OKEECHOBEE","12093","2017","0","0","0","0","0","0","0","0"
"OKEECHOBEE","12093","2018","0","0","0","0","0","0","0","0"
"OKEECHOBEE","12093","2019","0","0","0","0","0","0","0","0"
"OKEECHOBEE","12093","2020","0","0","0","0","0","0","0","0"
"OKEECHOBEE","12093","2021","0","0","0","0","0","0","0","0"
"OKEECHOBEE","12093","2022","0","0","0","0","0","0","0","0"
"OKEECHOBEE","12093","2023","0","0","0","0","0","0","0","0"
"OKEECHOBEE","12093","2024","0","0","0","0","0","0","0","0"
"OKEECHOBEE","12093","2025","0","0","0","0","0","0","0","0"
"ORANGE","12095","2014","1","6","5","2","32.8","0.3","270654","7000"
"ORANGE","12095","2015","1","7","5","2","37.8","5.3","320654","57000"
"ORANGE","12095","2016","0","7","5","2","37.8","5.3","320654","57000"
"ORANGE","12095","2017","1","8","5","2","39.3","6.8","355654","92000"
"ORANGE","12095","2018","0","8","5","2","39.3","6.8","355654","92000"
"ORANGE","12095","2019","0","8","5","2","39.3","6.8","355654","92000"
"ORANGE","12095","2020","0","8","5","2","39.3","6.8","355654","92000"
"ORANGE","12095","2021","0","8","5","2","39.3","6.8","355654","92000"
"ORANGE","12095","2022","1","9","5","2","46.3","13.8","485654","222000"
"ORANGE","12095","2023","0","9","5","2","46.3","13.8","485654","222000"
"ORANGE","12095","2024","0","9","5","2","46.3","13.8","485654","222000"
"ORANGE","12095","2025","1","10","5","2","51.3","18.8","585654","322000"
"OSCEOLA","12097","2014","0","0","0","0","0","0","0","0"
"OSCEOLA","12097","2015","0","0","0","0","0","0","0","0"
"OSCEOLA","12097","2016","0","0","0","0","0","0","0","0"
"OSCEOLA","12097","2017","0","0","0","0","0","0","0","0"
"OSCEOLA","12097","2018","0","0","0","0","0","0","0","0"
"OSCEOLA","12097","2019","0","0","0","0","0","0","0","0"
"OSCEOLA","12097","2020","0","0","0","0","0","0","0","0"
"OSCEOLA","12097","2021","0","0","0","0","0","0","0","0"
"OSCEOLA","12097","2022","0","0","0","0","0","0","0","0"
"OSCEOLA","12097","2023","0","0","0","0","0","0","0","0"
"OSCEOLA","12097","2024","0","0","0","0","0","0","0","0"
"OSCEOLA","12097","2025","0","0","0","0","0","0","0","0"
"PALM BEACH","12099","2014","0","4","4","0","5.6","0","129744","0"
"PALM BEACH","12099","2015","0","4","4","0","5.6","0","129744","0"
"PALM BEACH","12099","2016","0","4","4","0","5.6","0","129744","0"
"PALM BEACH","12099","2017","3","7","4","0","11.6","6","279294","149550"
"PALM BEACH","12099","2018","0","7","4","0","11.6","6","279294","149550"
"PALM BEACH","12099","2019","0","7","4","0","11.6","6","279294","149550"
"PALM BEACH","12099","2020","0","7","4","0","11.6","6","279294","149550"
"PALM BEACH","12099","2021","0","7","4","0","11.6","6","279294","149550"
"PALM BEACH","12099","2022","0","7","4","0","11.6","6","279294","149550"
"PALM BEACH","12099","2023","0","7","4","0","11.6","6","279294","149550"
"PALM BEACH","12099","2024","0","7","4","0","11.6","6","279294","149550"
"PALM BEACH","12099","2025","1","8","4","0","16.6","11","339294","209550"
"PASCO","12101","2014","0","0","0","0","0","0","0","0"
"PASCO","12101","2015","0","0","0","0","0","0","0","0"
"PASCO","12101","2016","0","0","0","0","0","0","0","0"
"PASCO","12101","2017","0","0","0","0","0","0","0","0"
"PASCO","12101","2018","0","0","0","0","0","0","0","0"
"PASCO","12101","2019","0","0","0","0","0","0","0","0"
"PASCO","12101","2020","0","0","0","0","0","0","0","0"
"PASCO","12101","2021","0","0","0","0","0","0","0","0"
"PASCO","12101","2022","0","0","0","0","0","0","0","0"
"PASCO","12101","2023","0","0","0","0","0","0","0","0"
"PASCO","12101","2024","0","0","0","0","0","0","0","0"
"PASCO","12101","2025","0","0","0","0","0","0","0","0"
"PINELLAS","12103","2014","0","0","0","0","0","0","0","0"
"PINELLAS","12103","2015","0","0","0","0","0","0","0","0"
"PINELLAS","12103","2016","0","0","0","0","0","0","0","0"
"PINELLAS","12103","2017","0","0","0","0","0","0","0","0"
"PINELLAS","12103","2018","0","0","0","0","0","0","0","0"
"PINELLAS","12103","2019","0","0","0","0","0","0","0","0"
"PINELLAS","12103","2020","0","0","0","0","0","0","0","0"
"PINELLAS","12103","2021","0","0","0","0","0","0","0","0"
"PINELLAS","12103","2022","0","0","0","0","0","0","0","0"
"PINELLAS","12103","2023","0","0","0","0","0","0","0","0"
"PINELLAS","12103","2024","0","0","0","0","0","0","0","0"
"PINELLAS","12103","2025","0","0","0","0","0","0","0","0"
"POLK","12105","2014","1","2","1","0","7","6","145000","105000"
"POLK","12105","2015","0","2","1","0","7","6","145000","105000"
"POLK","12105","2016","0","2","1","0","7","6","145000","105000"
"POLK","12105","2017","0","2","1","0","7","6","145000","105000"
"POLK","12105","2018","0","2","1","0","7","6","145000","105000"
"POLK","12105","2019","0","2","1","0","7","6","145000","105000"
"POLK","12105","2020","0","2","1","0","7","6","145000","105000"
"POLK","12105","2021","0","2","1","0","7","6","145000","105000"
"POLK","12105","2022","1","3","1","0","9","8","178000","138000"
"POLK","12105","2023","0","3","1","0","9","8","178000","138000"
"POLK","12105","2024","0","3","1","0","9","8","178000","138000"
"POLK","12105","2025","0","3","1","0","9","8","178000","138000"
"PUTNAM","12107","2014","0","0","0","0","0","0","0","0"
"PUTNAM","12107","2015","0","0","0","0","0","0","0","0"
"PUTNAM","12107","2016","0","0","0","0","0","0","0","0"
"PUTNAM","12107","2017","0","0","0","0","0","0","0","0"
"PUTNAM","12107","2018","0","0","0","0","0","0","0","0"
"PUTNAM","12107","2019","0","0","0","0","0","0","0","0"
"PUTNAM","12107","2020","0","0","0","0","0","0","0","0"
"PUTNAM","12107","2021","0","0","0","0","0","0","0","0"
"PUTNAM","12107","2022","0","0","0","0","0","0","0","0"
"PUTNAM","12107","2023","0","0","0","0","0","0","0","0"
"PUTNAM","12107","2024","0","0","0","0","0","0","0","0"
"PUTNAM","12107","2025","0","0","0","0","0","0","0","0"
"SANTA ROSA","12113","2014","0","0","0","0","0","0","0","0"
"SANTA ROSA","12113","2015","0","0","0","0","0","0","0","0"
"SANTA ROSA","12113","2016","0","0","0","0","0","0","0","0"
"SANTA ROSA","12113","2017","0","0","0","0","0","0","0","0"
"SANTA ROSA","12113","2018","0","0","0","0","0","0","0","0"
"SANTA ROSA","12113","2019","0","0","0","0","0","0","0","0"
"SANTA ROSA","12113","2020","0","0","0","0","0","0","0","0"
"SANTA ROSA","12113","2021","0","0","0","0","0","0","0","0"
"SANTA ROSA","12113","2022","0","0","0","0","0","0","0","0"
"SANTA ROSA","12113","2023","0","0","0","0","0","0","0","0"
"SANTA ROSA","12113","2024","0","0","0","0","0","0","0","0"
"SANTA ROSA","12113","2025","0","0","0","0","0","0","0","0"
"SARASOTA","12115","2014","0","0","0","0","0","0","0","0"
"SARASOTA","12115","2015","0","0","0","0","0","0","0","0"
"SARASOTA","12115","2016","0","0","0","0","0","0","0","0"
"SARASOTA","12115","2017","0","0","0","0","0","0","0","0"
"SARASOTA","12115","2018","0","0","0","0","0","0","0","0"
"SARASOTA","12115","2019","0","0","0","0","0","0","0","0"
"SARASOTA","12115","2020","0","0","0","0","0","0","0","0"
"SARASOTA","12115","2021","0","0","0","0","0","0","0","0"
"SARASOTA","12115","2022","0","0","0","0","0","0","0","0"
"SARASOTA","12115","2023","0","0","0","0","0","0","0","0"
"SARASOTA","12115","2024","0","0","0","0","0","0","0","0"
"SARASOTA","12115","2025","0","0","0","0","0","0","0","0"
"SEMINOLE","12117","2014","0","0","0","0","0","0","0","0"
"SEMINOLE","12117","2015","0","0","0","0","0","0","0","0"
"SEMINOLE","12117","2016","0","0","0","0","0","0","0","0"
"SEMINOLE","12117","2017","0","0","0","0","0","0","0","0"
"SEMINOLE","12117","2018","0","0","0","0","0","0","0","0"
"SEMINOLE","12117","2019","0","0","0","0","0","0","0","0"
"SEMINOLE","12117","2020","0","0","0","0","0","0","0","0"
"SEMINOLE","12117","2021","0","0","0","0","0","0","0","0"
"SEMINOLE","12117","2022","0","0","0","0","0","0","0","0"
"SEMINOLE","12117","2023","0","0","0","0","0","0","0","0"
"SEMINOLE","12117","2024","0","0","0","0","0","0","0","0"
"SEMINOLE","12117","2025","0","0","0","0","0","0","0","0"
"ST. JOHNS","12109","2014","0","0","0","0","0","0","0","0"
"ST. JOHNS","12109","2015","0","0","0","0","0","0","0","0"
"ST. JOHNS","12109","2016","0","0","0","0","0","0","0","0"
"ST. JOHNS","12109","2017","0","0","0","0","0","0","0","0"
"ST. JOHNS","12109","2018","0","0","0","0","0","0","0","0"
"ST. JOHNS","12109","2019","0","0","0","0","0","0","0","0"
"ST. JOHNS","12109","2020","0","0","0","0","0","0","0","0"
"ST. JOHNS","12109","2021","0","0","0","0","0","0","0","0"
"ST. JOHNS","12109","2022","0","0","0","0","0","0","0","0"
"ST. JOHNS","12109","2023","0","0","0","0","0","0","0","0"
"ST. JOHNS","12109","2024","0","0","0","0","0","0","0","0"
"ST. JOHNS","12109","2025","0","0","0","0","0","0","0","0"
"ST. LUCIE","12111","2014","0","0","0","0","0","0","0","0"
"ST. LUCIE","12111","2015","0","0","0","0","0","0","0","0"
"ST. LUCIE","12111","2016","0","0","0","0","0","0","0","0"
"ST. LUCIE","12111","2017","0","0","0","0","0","0","0","0"
"ST. LUCIE","12111","2018","1","1","0","0","6","6","17000","17000"
"ST. LUCIE","12111","2019","0","1","0","0","6","6","17000","17000"
"ST. LUCIE","12111","2020","0","1","0","0","6","6","17000","17000"
"ST. LUCIE","12111","2021","0","1","0","0","6","6","17000","17000"
"ST. LUCIE","12111","2022","0","1","0","0","6","6","17000","17000"
"ST. LUCIE","12111","2023","0","1","0","0","6","6","17000","17000"
"ST. LUCIE","12111","2024","0","1","0","0","6","6","17000","17000"
"ST. LUCIE","12111","2025","0","1","0","0","6","6","17000","17000"
"SUMTER","12119","2014","0","0","0","0","0","0","0","0"
"SUMTER","12119","2015","0","0","0","0","0","0","0","0"
"SUMTER","12119","2016","0","0","0","0","0","0","0","0"
"SUMTER","12119","2017","0","0","0","0","0","0","0","0"
"SUMTER","12119","2018","0","0","0","0","0","0","0","0"
"SUMTER","12119","2019","0","0","0","0","0","0","0","0"
"SUMTER","12119","2020","0","0","0","0","0","0","0","0"
"SUMTER","12119","2021","0","0","0","0","0","0","0","0"
"SUMTER","12119","2022","0","0","0","0","0","0","0","0"
"SUMTER","12119","2023","0","0","0","0","0","0","0","0"
"SUMTER","12119","2024","0","0","0","0","0","0","0","0"
"SUMTER","12119","2025","0","0","0","0","0","0","0","0"
"SUWANNEE","12121","2014","0","0","0","0","0","0","0","0"
"SUWANNEE","12121","2015","0","0","0","0","0","0","0","0"
"SUWANNEE","12121","2016","0","0","0","0","0","0","0","0"
"SUWANNEE","12121","2017","0","0","0","0","0","0","0","0"
"SUWANNEE","12121","2018","0","0","0","0","0","0","0","0"
"SUWANNEE","12121","2019","0","0","0","0","0","0","0","0"
"SUWANNEE","12121","2020","0","0","0","0","0","0","0","0"
"SUWANNEE","12121","2021","0","0","0","0","0","0","0","0"
"SUWANNEE","12121","2022","0","0","0","0","0","0","0","0"
"SUWANNEE","12121","2023","0","0","0","0","0","0","0","0"
"SUWANNEE","12121","2024","0","0","0","0","0","0","0","0"
"SUWANNEE","12121","2025","0","0","0","0","0","0","0","0"
"TAYLOR","12123","2014","0","0","0","0","0","0","0","0"
"TAYLOR","12123","2015","0","0","0","0","0","0","0","0"
"TAYLOR","12123","2016","0","0","0","0","0","0","0","0"
"TAYLOR","12123","2017","0","0","0","0","0","0","0","0"
"TAYLOR","12123","2018","0","0","0","0","0","0","0","0"
"TAYLOR","12123","2019","0","0","0","0","0","0","0","0"
"TAYLOR","12123","2020","0","0","0","0","0","0","0","0"
"TAYLOR","12123","2021","0","0","0","0","0","0","0","0"
"TAYLOR","12123","2022","0","0","0","0","0","0","0","0"
"TAYLOR","12123","2023","0","0","0","0","0","0","0","0"
"TAYLOR","12123","2024","0","0","0","0","0","0","0","0"
"TAYLOR","12123","2025","0","0","0","0","0","0","0","0"
"UNION","12125","2014","0","0","0","0","0","0","0","0"
"UNION","12125","2015","0","0","0","0","0","0","0","0"
"UNION","12125","2016","0","0","0","0","0","0","0","0"
"UNION","12125","2017","0","0","0","0","0","0","0","0"
"UNION","12125","2018","0","0","0","0","0","0","0","0"
"UNION","12125","2019","0","0","0","0","0","0","0","0"
"UNION","12125","2020","0","0","0","0","0","0","0","0"
"UNION","12125","2021","0","0","0","0","0","0","0","0"
"UNION","12125","2022","0","0","0","0","0","0","0","0"
"UNION","12125","2023","0","0","0","0","0","0","0","0"
"UNION","12125","2024","0","0","0","0","0","0","0","0"
"UNION","12125","2025","0","0","0","0","0","0","0","0"
"VOLUSIA","12127","2014","0","2","2","0","2.1","0","25000","0"
"VOLUSIA","12127","2015","0","2","2","0","2.1","0","25000","0"
"VOLUSIA","12127","2016","0","2","2","0","2.1","0","25000","0"
"VOLUSIA","12127","2017","0","2","2","0","2.1","0","25000","0"
"VOLUSIA","12127","2018","0","2","2","0","2.1","0","25000","0"
"VOLUSIA","12127","2019","0","2","2","0","2.1","0","25000","0"
"VOLUSIA","12127","2020","0","2","2","0","2.1","0","25000","0"
"VOLUSIA","12127","2021","0","2","2","0","2.1","0","25000","0"
"VOLUSIA","12127","2022","0","2","2","0","2.1","0","25000","0"
"VOLUSIA","12127","2023","0","2","2","0","2.1","0","25000","0"
"VOLUSIA","12127","2024","0","2","2","0","2.1","0","25000","0"
"VOLUSIA","12127","2025","0","2","2","0","2.1","0","25000","0"
"WAKULLA","12129","2014","0","0","0","0","0","0","0","0"
"WAKULLA","12129","2015","0","0","0","0","0","0","0","0"
"WAKULLA","12129","2016","0","0","0","0","0","0","0","0"
"WAKULLA","12129","2017","0","0","0","0","0","0","0","0"
"WAKULLA","12129","2018","0","0","0","0","0","0","0","0"
"WAKULLA","12129","2019","0","0","0","0","0","0","0","0"
"WAKULLA","12129","2020","0","0","0","0","0","0","0","0"
"WAKULLA","12129","2021","0","0","0","0","0","0","0","0"
"WAKULLA","12129","2022","0","0","0","0","0","0","0","0"
"WAKULLA","12129","2023","0","0","0","0","0","0","0","0"
"WAKULLA","12129","2024","0","0","0","0","0","0","0","0"
"WAKULLA","12129","2025","0","0","0","0","0","0","0","0"
"WALTON","12131","2014","0","0","0","0","0","0","0","0"
"WALTON","12131","2015","0","0","0","0","0","0","0","0"
"WALTON","12131","2016","0","0","0","0","0","0","0","0"
"WALTON","12131","2017","0","0","0","0","0","0","0","0"
"WALTON","12131","2018","0","0","0","0","0","0","0","0"
"WALTON","12131","2019","0","0","0","0","0","0","0","0"
"WALTON","12131","2020","0","0","0","0","0","0","0","0"
"WALTON","12131","2021","0","0","0","0","0","0","0","0"
"WALTON","12131","2022","0","0","0","0","0","0","0","0"
"WALTON","12131","2023","0","0","0","0","0","0","0","0"
"WALTON","12131","2024","0","0","0","0","0","0","0","0"
"WALTON","12131","2025","0","0","0","0","0","0","0","0"
"WASHINGTON","12133","2014","0","0","0","0","0","0","0","0"
"WASHINGTON","12133","2015","0","0","0","0","0","0","0","0"
"WASHINGTON","12133","2016","0","0","0","0","0","0","0","0"
"WASHINGTON","12133","2017","0","0","0","0","0","0","0","0"
"WASHINGTON","12133","2018","0","0","0","0","0","0","0","0"
"WASHINGTON","12133","2019","0","0","0","0","0","0","0","0"
"WASHINGTON","12133","2020","0","0","0","0","0","0","0","0"
"WASHINGTON","12133","2021","0","0","0","0","0","0","0","0"
"WASHINGTON","12133","2022","0","0","0","0","0","0","0","0"
"WASHINGTON","12133","2023","0","0","0","0","0","0","0","0"
"WASHINGTON","12133","2024","0","0","0","0","0","0","0","0"
"WASHINGTON","12133","2025","0","0","0","0","0","0","0","0"
